Customer_ID,Customer_Name,Credit_Exposure,Risk_Weight,Risk_Weighted_Assets,Risk_Category
CUST00001,Customer_1,973302.63,0.91,885705.39,High
CUST00002,Customer_2,826266.18,0.55,454446.4,Medium
CUST00003,Customer_3,807262.44,0.3,242178.73,Medium
CUST00004,Customer_4,994304.78,0.77,765614.68,Medium
CUST00005,Customer_5,993577.66,0.29,288137.52,High
CUST00006,Customer_6,447288.12,0.42,187861.01,Low
CUST00007,Customer_7,215845.18,0.64,138140.92,High
CUST00008,Customer_8,496013.56,0.65,322408.81,Low
CUST00009,Customer_9,200242.6,0.25,50060.65,High
CUST00010,Customer_10,138421.69,0.35,48447.59,High
CUST00011,Customer_11,549178.02,0.25,137294.51,Low
CUST00012,Customer_12,308144.28,0.82,252678.31,Low
CUST00013,Customer_13,289198.71,0.68,196655.12,Low
CUST00014,Customer_14,565468.43,0.97,548504.38,Low
CUST00015,Customer_15,167165.23,0.72,120358.97,High
CUST00016,Customer_16,142033.14,0.74,105104.52,Medium
CUST00017,Customer_17,410467.42,0.28,114930.88,Medium
CUST00018,Customer_18,590415.53,0.71,419195.03,Medium
CUST00019,Customer_19,701038.84,0.44,308457.09,Low
CUST00020,Customer_20,74103.02,0.65,48166.96,Medium
CUST00021,Customer_21,852631.31,0.59,503052.47,Medium
CUST00022,Customer_22,120757.18,0.7,84530.03,Low
CUST00023,Customer_23,520466.76,0.86,447601.41,Low
CUST00024,Customer_24,902034.07,0.72,649464.53,Medium
CUST00025,Customer_25,981473.21,0.97,952029.01,Medium
CUST00026,Customer_26,970805.43,0.67,650439.64,High
CUST00027,Customer_27,997937.4,0.54,538886.2,Low
CUST00028,Customer_28,371505.26,0.68,252623.58,Medium
CUST00029,Customer_29,172724.28,0.31,53544.53,High
CUST00030,Customer_30,130960.2,0.53,69408.91,High
CUST00031,Customer_31,213901.93,0.27,57753.52,Medium
CUST00032,Customer_32,112873.15,0.72,81268.67,Low
CUST00033,Customer_33,599786.75,0.37,221921.1,High
CUST00034,Customer_34,389856.7,0.57,222218.32,Low
CUST00035,Customer_35,143105.73,0.89,127364.1,Low
CUST00036,Customer_36,224153.33,0.99,221911.8,Low
CUST00037,Customer_37,360035.08,0.71,255624.91,Medium
CUST00038,Customer_38,50803.68,0.26,13208.96,Low
CUST00039,Customer_39,622705.6,0.58,361169.25,Medium
CUST00040,Customer_40,865391.68,1.0,865391.68,High
CUST00041,Customer_41,200270.95,0.64,128173.41,Low
CUST00042,Customer_42,186154.3,0.35,65154.0,Low
CUST00043,Customer_43,946838.35,0.29,274583.12,Low
CUST00044,Customer_44,810429.38,0.76,615926.33,Low
CUST00045,Customer_45,402600.3,0.53,213378.16,Medium
CUST00046,Customer_46,634701.61,0.62,393515.0,Low
CUST00047,Customer_47,955714.6,0.32,305828.67,Low
CUST00048,Customer_48,128572.71,0.43,55286.27,Medium
CUST00049,Customer_49,398752.52,0.8,319002.02,High
CUST00050,Customer_50,133683.28,0.84,112293.96,Low
CUST00051,Customer_51,816008.26,0.72,587525.95,Medium
CUST00052,Customer_52,827583.2,0.2,165516.64,High
CUST00053,Customer_53,389036.36,0.87,338461.63,Medium
CUST00054,Customer_54,376960.78,0.3,113088.23,Medium
CUST00055,Customer_55,342516.35,0.5,171258.17,Low
CUST00056,Customer_56,942680.73,0.33,311084.64,High
CUST00057,Customer_57,972628.37,0.84,817007.83,High
CUST00058,Customer_58,808394.7,0.73,590128.13,Medium
CUST00059,Customer_59,305216.1,0.89,271642.33,Medium
CUST00060,Customer_60,371088.17,0.35,129880.86,Medium
CUST00061,Customer_61,490565.01,0.38,186414.7,Low
CUST00062,Customer_62,591299.44,0.47,277910.74,Medium
CUST00063,Customer_63,234633.44,0.29,68043.7,Low
CUST00064,Customer_64,943244.19,0.6,565946.51,High
CUST00065,Customer_65,121588.67,0.4,48635.47,High
CUST00066,Customer_66,866250.75,0.88,762300.66,Low
CUST00067,Customer_67,951241.37,0.31,294884.82,High
CUST00068,Customer_68,490166.36,0.41,200968.21,Medium
CUST00069,Customer_69,998312.62,0.37,369375.67,High
CUST00070,Customer_70,367348.89,0.5,183674.45,Low
CUST00071,Customer_71,815253.06,0.44,358711.35,Medium
CUST00072,Customer_72,841279.7,0.45,378575.86,High
CUST00073,Customer_73,566420.45,0.67,379501.7,Low
CUST00074,Customer_74,959819.75,0.71,681472.02,Medium
CUST00075,Customer_75,860653.97,0.92,791801.65,Low
CUST00076,Customer_76,58380.96,0.49,28606.67,Low
CUST00077,Customer_77,316847.03,0.46,145749.63,High
CUST00078,Customer_78,377338.87,0.75,283004.15,Medium
CUST00079,Customer_79,673948.46,0.46,310016.29,Low
CUST00080,Customer_80,84907.1,0.62,52642.4,High
CUST00081,Customer_81,980204.78,0.93,911590.45,Low
CUST00082,Customer_82,566665.11,0.83,470332.04,Low
CUST00083,Customer_83,77069.79,0.54,41617.69,Medium
CUST00084,Customer_84,971786.53,0.46,447021.8,Low
CUST00085,Customer_85,37722.18,0.57,21501.64,Medium
CUST00086,Customer_86,217409.81,0.87,189146.53,High
CUST00087,Customer_87,477869.1,0.59,281942.77,Low
CUST00088,Customer_88,352752.96,0.36,126991.07,Medium
CUST00089,Customer_89,458281.14,0.63,288717.12,Low
CUST00090,Customer_90,110078.87,0.31,34124.45,Medium
CUST00091,Customer_91,622551.38,0.57,354854.29,High
CUST00092,Customer_92,815626.55,0.52,424125.81,Low
CUST00093,Customer_93,99901.82,0.43,42957.78,Medium
CUST00094,Customer_94,603085.06,0.41,247264.87,High
CUST00095,Customer_95,441008.45,0.68,299885.75,Low
CUST00096,Customer_96,316033.03,0.7,221223.12,Low
CUST00097,Customer_97,951901.49,0.36,342684.54,Medium
CUST00098,Customer_98,861640.96,0.88,758244.04,Low
CUST00099,Customer_99,97220.61,0.98,95276.2,Medium
CUST00100,Customer_100,954070.47,0.54,515198.05,Medium
CUST00101,Customer_101,912518.91,0.76,693514.37,Medium
CUST00102,Customer_102,287768.33,0.48,138128.8,High
CUST00103,Customer_103,336035.35,0.5,168017.67,Low
CUST00104,Customer_104,770669.32,0.24,184960.64,High
CUST00105,Customer_105,396058.44,0.74,293083.25,High
CUST00106,Customer_106,863458.28,0.22,189960.82,Low
CUST00107,Customer_107,793456.15,0.6,476073.69,High
CUST00108,Customer_108,800003.11,0.63,504001.96,High
CUST00109,Customer_109,847351.97,0.21,177943.91,Low
CUST00110,Customer_110,853935.23,0.48,409888.91,Low
CUST00111,Customer_111,307031.98,0.23,70617.36,Low
CUST00112,Customer_112,642292.61,0.35,224802.41,High
CUST00113,Customer_113,651312.66,0.46,299603.82,Low
CUST00114,Customer_114,70558.85,0.56,39512.96,Low
CUST00115,Customer_115,793824.04,0.67,531862.11,Medium
CUST00116,Customer_116,253595.25,0.66,167372.87,Medium
CUST00117,Customer_117,433536.51,0.37,160408.51,High
CUST00118,Customer_118,150882.55,0.25,37720.64,Medium
CUST00119,Customer_119,847057.0,0.79,669175.03,High
CUST00120,Customer_120,205917.7,0.45,92662.97,Low
CUST00121,Customer_121,157422.61,0.76,119641.18,Medium
CUST00122,Customer_122,525867.66,0.23,120949.56,High
CUST00123,Customer_123,958554.87,0.3,287566.46,Medium
CUST00124,Customer_124,448432.91,0.8,358746.33,High
CUST00125,Customer_125,492461.79,0.68,334874.02,Low
CUST00126,Customer_126,418244.07,0.74,309500.61,High
CUST00127,Customer_127,170748.78,0.97,165626.32,Medium
CUST00128,Customer_128,601030.03,0.23,138236.91,High
CUST00129,Customer_129,187781.56,0.74,138958.35,Medium
CUST00130,Customer_130,83677.3,0.22,18409.01,Low
CUST00131,Customer_131,929602.83,0.53,492689.5,High
CUST00132,Customer_132,206113.29,0.72,148401.57,Low
CUST00133,Customer_133,563191.6,0.93,523768.19,Medium
CUST00134,Customer_134,130074.09,0.44,57232.6,Low
CUST00135,Customer_135,659285.17,0.45,296678.33,Medium
CUST00136,Customer_136,803537.73,0.69,554441.03,High
CUST00137,Customer_137,188820.58,0.95,179379.55,Low
CUST00138,Customer_138,596287.17,0.79,471066.86,Medium
CUST00139,Customer_139,696796.91,0.41,285686.73,Low
CUST00140,Customer_140,40682.78,0.23,9357.04,High
CUST00141,Customer_141,880055.96,0.23,202412.87,High
CUST00142,Customer_142,826020.71,0.24,198244.97,Medium
CUST00143,Customer_143,256022.54,0.75,192016.9,Medium
CUST00144,Customer_144,266109.12,0.59,157004.38,High
CUST00145,Customer_145,539157.59,0.97,522982.86,High
CUST00146,Customer_146,54180.07,0.9,48762.06,High
CUST00147,Customer_147,149991.74,0.47,70496.12,High
CUST00148,Customer_148,510484.33,0.81,413492.31,Low
CUST00149,Customer_149,567868.39,0.3,170360.52,Medium
CUST00150,Customer_150,971500.13,0.43,417745.06,High
CUST00151,Customer_151,347084.03,0.92,319317.31,High
CUST00152,Customer_152,157963.1,0.68,107414.91,High
CUST00153,Customer_153,523429.22,0.27,141325.89,Low
CUST00154,Customer_154,430468.33,0.53,228148.21,High
CUST00155,Customer_155,591127.97,0.33,195072.23,Medium
CUST00156,Customer_156,83311.79,0.6,49987.07,High
CUST00157,Customer_157,449152.85,0.62,278474.77,Medium
CUST00158,Customer_158,51684.83,0.83,42898.41,High
CUST00159,Customer_159,514579.6,0.58,298456.17,Low
CUST00160,Customer_160,345889.93,0.62,214451.76,High
CUST00161,Customer_161,712269.12,0.58,413116.09,High
CUST00162,Customer_162,77835.35,0.85,66160.05,High
CUST00163,Customer_163,491662.52,0.96,471996.02,Low
CUST00164,Customer_164,849919.0,0.42,356965.98,High
CUST00165,Customer_165,693025.16,0.61,422745.35,High
CUST00166,Customer_166,548694.79,0.59,323729.93,Medium
CUST00167,Customer_167,535392.91,0.97,519331.12,Low
CUST00168,Customer_168,954158.5,0.35,333955.47,Medium
CUST00169,Customer_169,297219.98,0.71,211026.19,Low
CUST00170,Customer_170,751538.4,0.87,653838.41,High
CUST00171,Customer_171,920648.31,0.88,810170.51,High
CUST00172,Customer_172,370682.16,0.75,278011.62,Medium
CUST00173,Customer_173,765072.23,0.73,558502.73,High
CUST00174,Customer_174,571013.97,0.81,462521.32,Low
CUST00175,Customer_175,693917.47,0.52,360837.08,Medium
CUST00176,Customer_176,915687.13,0.61,558569.15,Low
CUST00177,Customer_177,621802.98,0.83,516096.47,Low
CUST00178,Customer_178,868401.76,0.3,260520.53,Medium
CUST00179,Customer_179,559891.16,0.57,319137.96,High
CUST00180,Customer_180,960046.99,0.25,240011.75,High
CUST00181,Customer_181,733869.19,0.82,601772.74,Low
CUST00182,Customer_182,718314.32,0.5,359157.16,Low
CUST00183,Customer_183,168033.49,0.37,62172.39,Medium
CUST00184,Customer_184,189362.41,0.23,43553.35,High
CUST00185,Customer_185,982792.19,0.46,452084.41,High
CUST00186,Customer_186,820882.14,0.57,467902.82,Low
CUST00187,Customer_187,34332.42,0.45,15449.59,Medium
CUST00188,Customer_188,778476.85,0.28,217973.52,High
CUST00189,Customer_189,76193.0,0.49,37334.57,Low
CUST00190,Customer_190,114557.05,0.21,24056.98,High
CUST00191,Customer_191,330620.21,0.74,244658.96,Medium
CUST00192,Customer_192,654757.56,0.44,288093.33,Low
CUST00193,Customer_193,256692.01,0.58,148881.37,Low
CUST00194,Customer_194,363614.69,0.88,319980.93,Medium
CUST00195,Customer_195,54021.26,0.5,27010.63,High
CUST00196,Customer_196,356589.98,0.23,82015.7,Medium
CUST00197,Customer_197,902478.49,0.48,433189.68,Medium
CUST00198,Customer_198,550864.47,0.81,446200.22,Low
CUST00199,Customer_199,694915.5,0.5,347457.75,Medium
CUST00200,Customer_200,428670.85,0.88,377230.35,Low
CUST00201,Customer_201,567203.3,0.62,351666.05,Low
CUST00202,Customer_202,411906.06,1.0,411906.06,Low
CUST00203,Customer_203,194152.35,0.83,161146.45,Medium
CUST00204,Customer_204,802250.53,0.4,320900.21,Medium
CUST00205,Customer_205,466846.71,0.38,177401.75,High
CUST00206,Customer_206,136228.89,0.26,35419.51,Low
CUST00207,Customer_207,150587.58,0.7,105411.31,High
CUST00208,Customer_208,846329.63,0.8,677063.7,Medium
CUST00209,Customer_209,378953.74,0.3,113686.12,Medium
CUST00210,Customer_210,462889.54,0.61,282362.62,Low
CUST00211,Customer_211,268269.79,0.51,136817.59,High
CUST00212,Customer_212,97408.42,0.64,62341.39,High
CUST00213,Customer_213,557506.66,0.37,206277.46,High
CUST00214,Customer_214,991556.69,0.31,307382.57,High
CUST00215,Customer_215,975183.71,0.63,614365.74,High
CUST00216,Customer_216,123854.17,0.33,40871.88,High
CUST00217,Customer_217,231020.61,0.24,55444.95,Medium
CUST00218,Customer_218,436946.08,0.45,196625.74,High
CUST00219,Customer_219,635158.34,0.52,330282.34,High
CUST00220,Customer_220,199474.26,0.63,125668.78,Low
CUST00221,Customer_221,987708.48,0.89,879060.55,Low
CUST00222,Customer_222,91782.15,0.93,85357.4,High
CUST00223,Customer_223,308223.26,0.84,258907.54,High
CUST00224,Customer_224,945442.99,0.61,576720.22,High
CUST00225,Customer_225,938688.51,0.58,544439.34,Medium
CUST00226,Customer_226,824543.56,0.44,362799.17,Low
CUST00227,Customer_227,615800.56,1.0,615800.56,High
CUST00228,Customer_228,596215.64,0.83,494858.98,Medium
CUST00229,Customer_229,238479.13,0.36,85852.49,Low
CUST00230,Customer_230,890286.17,0.5,445143.09,High
CUST00231,Customer_231,98060.28,0.66,64719.78,Low
CUST00232,Customer_232,504408.26,0.98,494320.09,Medium
CUST00233,Customer_233,670528.27,0.79,529717.33,Low
CUST00234,Customer_234,84103.39,0.43,36164.46,High
CUST00235,Customer_235,244605.2,0.39,95396.03,Medium
CUST00236,Customer_236,531399.52,0.22,116907.89,Low
CUST00237,Customer_237,338699.66,0.43,145640.85,High
CUST00238,Customer_238,674454.53,0.99,667709.98,Low
CUST00239,Customer_239,751989.27,0.27,203037.1,Low
CUST00240,Customer_240,593001.54,0.37,219410.57,Low
CUST00241,Customer_241,854630.1,0.29,247842.73,Medium
CUST00242,Customer_242,826801.58,0.46,380328.73,Medium
CUST00243,Customer_243,924700.14,0.34,314398.05,Low
CUST00244,Customer_244,252459.43,0.93,234787.27,Medium
CUST00245,Customer_245,140625.2,0.29,40781.31,High
CUST00246,Customer_246,631907.44,0.7,442335.21,Low
CUST00247,Customer_247,935203.52,0.26,243152.92,High
CUST00248,Customer_248,285988.01,0.64,183032.33,Low
CUST00249,Customer_249,236183.98,0.73,172414.31,Low
CUST00250,Customer_250,300056.22,0.8,240044.98,Low
CUST00251,Customer_251,849131.51,0.95,806674.93,Medium
CUST00252,Customer_252,96739.13,0.22,21282.61,Medium
CUST00253,Customer_253,827190.88,0.72,595577.43,Medium
CUST00254,Customer_254,895303.18,0.45,402886.43,Medium
CUST00255,Customer_255,609428.82,0.53,322997.27,Low
CUST00256,Customer_256,405785.9,0.45,182603.66,High
CUST00257,Customer_257,42486.71,0.6,25492.03,Medium
CUST00258,Customer_258,56120.06,0.72,40406.44,Medium
CUST00259,Customer_259,308044.04,0.24,73930.57,High
CUST00260,Customer_260,906904.27,0.77,698316.29,Low
CUST00261,Customer_261,766629.14,0.55,421646.03,Medium
CUST00262,Customer_262,774416.37,0.72,557579.79,Low
CUST00263,Customer_263,807211.81,0.83,669985.8,Medium
CUST00264,Customer_264,172595.47,0.26,44874.82,Low
CUST00265,Customer_265,908104.58,0.29,263350.33,Low
CUST00266,Customer_266,819879.54,0.29,237765.07,Low
CUST00267,Customer_267,119814.91,0.65,77879.69,High
CUST00268,Customer_268,392346.4,0.45,176555.88,Medium
CUST00269,Customer_269,924705.23,0.6,554823.14,Low
CUST00270,Customer_270,792408.96,1.0,792408.96,Low
CUST00271,Customer_271,932002.58,0.94,876082.43,Medium
CUST00272,Customer_272,850864.64,0.3,255259.39,Medium
CUST00273,Customer_273,586287.07,0.55,322457.89,Low
CUST00274,Customer_274,677844.48,0.97,657509.15,High
CUST00275,Customer_275,553830.61,0.92,509524.16,Low
CUST00276,Customer_276,682667.62,0.22,150186.88,Medium
CUST00277,Customer_277,199515.32,0.68,135670.42,Medium
CUST00278,Customer_278,751238.94,0.62,465768.14,Low
CUST00279,Customer_279,894706.74,0.85,760500.73,Medium
CUST00280,Customer_280,742470.54,0.28,207891.75,Medium
CUST00281,Customer_281,306754.37,0.35,107364.03,Low
CUST00282,Customer_282,996985.35,0.79,787618.43,High
CUST00283,Customer_283,866810.03,0.91,788797.13,Medium
CUST00284,Customer_284,520828.08,0.95,494786.68,Medium
CUST00285,Customer_285,815144.52,0.86,701024.29,Medium
CUST00286,Customer_286,904676.32,0.48,434244.63,Medium
CUST00287,Customer_287,128222.78,0.22,28209.01,High
CUST00288,Customer_288,538741.17,0.92,495641.88,Medium
CUST00289,Customer_289,607088.63,0.9,546379.77,High
CUST00290,Customer_290,366208.01,0.48,175779.84,Low
CUST00291,Customer_291,696002.91,0.48,334081.4,High
CUST00292,Customer_292,201449.31,0.45,90652.19,Medium
CUST00293,Customer_293,412949.66,0.66,272546.78,Medium
CUST00294,Customer_294,738412.42,0.9,664571.18,Low
CUST00295,Customer_295,992127.64,0.44,436536.16,Medium
CUST00296,Customer_296,716945.92,0.4,286778.37,High
CUST00297,Customer_297,237182.79,0.85,201605.37,High
CUST00298,Customer_298,799471.62,0.76,607598.43,High
CUST00299,Customer_299,420346.28,0.97,407735.89,Medium
CUST00300,Customer_300,655817.72,0.82,537770.53,Medium
CUST00301,Customer_301,291693.74,0.92,268358.24,High
CUST00302,Customer_302,70726.07,0.32,22632.34,High
CUST00303,Customer_303,306604.88,0.66,202359.22,Medium
CUST00304,Customer_304,229218.77,0.78,178790.64,High
CUST00305,Customer_305,781462.25,0.56,437618.86,Medium
CUST00306,Customer_306,730565.82,0.65,474867.78,High
CUST00307,Customer_307,991504.57,0.3,297451.37,High
CUST00308,Customer_308,75534.8,0.45,33990.66,Low
CUST00309,Customer_309,875748.28,0.82,718113.59,Low
CUST00310,Customer_310,342208.33,0.75,256656.25,Medium
CUST00311,Customer_311,992468.96,0.35,347364.14,Low
CUST00312,Customer_312,199248.07,0.58,115563.88,High
CUST00313,Customer_313,196889.16,0.63,124040.17,Medium
CUST00314,Customer_314,134744.39,0.87,117227.62,Medium
CUST00315,Customer_315,647840.53,0.98,634883.72,Low
CUST00316,Customer_316,460276.15,0.59,271562.93,High
CUST00317,Customer_317,480526.62,0.91,437279.22,Low
CUST00318,Customer_318,436197.95,0.65,283528.67,Medium
CUST00319,Customer_319,12568.86,0.54,6787.18,Low
CUST00320,Customer_320,213394.84,0.67,142974.54,Low
CUST00321,Customer_321,31571.39,0.52,16417.12,Medium
CUST00322,Customer_322,919233.26,0.54,496385.96,Medium
CUST00323,Customer_323,818596.77,0.28,229207.1,Low
CUST00324,Customer_324,662220.36,0.4,264888.14,Medium
CUST00325,Customer_325,442557.54,0.75,331918.15,High
CUST00326,Customer_326,992131.66,0.59,585357.68,Low
CUST00327,Customer_327,494303.09,0.94,464644.9,High
CUST00328,Customer_328,365900.6,0.97,354923.58,High
CUST00329,Customer_329,981125.53,0.77,755466.66,High
CUST00330,Customer_330,832193.15,0.73,607501.0,High
CUST00331,Customer_331,121502.19,0.61,74116.34,Medium
CUST00332,Customer_332,755755.53,0.68,513913.76,Low
CUST00333,Customer_333,279711.62,0.29,81116.37,Low
CUST00334,Customer_334,695782.88,0.75,521837.16,High
CUST00335,Customer_335,368394.59,0.73,268928.05,High
CUST00336,Customer_336,308365.99,0.54,166517.63,High
CUST00337,Customer_337,653949.49,0.95,621252.02,Low
CUST00338,Customer_338,832523.82,0.28,233106.67,High
CUST00339,Customer_339,789777.1,0.48,379093.01,High
CUST00340,Customer_340,292596.11,0.91,266262.46,High
CUST00341,Customer_341,467079.02,0.26,121440.55,High
CUST00342,Customer_342,158267.79,0.56,88629.96,High
CUST00343,Customer_343,902505.88,0.93,839330.47,High
CUST00344,Customer_344,336149.15,0.34,114290.71,Medium
CUST00345,Customer_345,294803.12,0.84,247634.62,Low
CUST00346,Customer_346,330021.17,0.49,161710.37,Low
CUST00347,Customer_347,161365.09,0.54,87137.15,High
CUST00348,Customer_348,597593.67,0.87,519906.49,Low
CUST00349,Customer_349,537002.5,0.76,408121.9,High
CUST00350,Customer_350,593319.73,0.77,456856.19,High
CUST00351,Customer_351,994948.14,0.32,318383.4,Medium
CUST00352,Customer_352,427123.56,0.9,384411.2,Medium
CUST00353,Customer_353,898675.0,0.27,242642.25,Medium
CUST00354,Customer_354,698693.88,0.57,398255.51,Medium
CUST00355,Customer_355,620390.33,0.28,173709.29,Medium
CUST00356,Customer_356,308874.47,0.33,101928.58,Low
CUST00357,Customer_357,660467.55,0.89,587816.12,Low
CUST00358,Customer_358,807595.31,0.29,234202.64,Medium
CUST00359,Customer_359,51877.85,0.84,43577.39,Medium
CUST00360,Customer_360,876036.31,0.8,700829.05,Low
CUST00361,Customer_361,14253.23,0.58,8266.87,Medium
CUST00362,Customer_362,622994.34,0.36,224277.96,Low
CUST00363,Customer_363,513549.84,0.47,241368.42,High
CUST00364,Customer_364,693823.47,0.93,645255.83,High
CUST00365,Customer_365,185760.41,0.49,91022.6,High
CUST00366,Customer_366,509625.2,0.76,387315.15,Medium
CUST00367,Customer_367,280853.47,0.89,249959.59,Medium
CUST00368,Customer_368,112031.97,0.89,99708.45,Low
CUST00369,Customer_369,576080.53,0.7,403256.37,Low
CUST00370,Customer_370,617664.33,0.56,345892.02,Low
CUST00371,Customer_371,316543.02,0.62,196256.67,Medium
CUST00372,Customer_372,797367.81,0.95,757499.42,Low
CUST00373,Customer_373,168701.21,0.76,128212.92,High
CUST00374,Customer_374,19809.67,0.94,18621.09,Medium
CUST00375,Customer_375,489233.08,0.93,454986.76,Low
CUST00376,Customer_376,206131.22,0.7,144291.85,High
CUST00377,Customer_377,910926.81,0.7,637648.77,High
CUST00378,Customer_378,824396.93,0.58,478150.22,Medium
CUST00379,Customer_379,671410.04,0.73,490129.33,High
CUST00380,Customer_380,954783.86,0.25,238695.96,High
CUST00381,Customer_381,853384.77,0.42,358421.6,Low
CUST00382,Customer_382,529913.05,0.21,111281.74,Low
CUST00383,Customer_383,210319.53,0.39,82024.62,Low
CUST00384,Customer_384,273682.46,0.66,180630.42,Medium
CUST00385,Customer_385,672654.91,0.93,625569.07,Low
CUST00386,Customer_386,855551.56,0.49,419220.26,Low
CUST00387,Customer_387,343721.83,0.89,305912.43,Medium
CUST00388,Customer_388,17823.24,0.91,16219.15,High
CUST00389,Customer_389,246291.55,0.57,140386.18,Medium
CUST00390,Customer_390,756956.11,0.32,242225.96,Medium
CUST00391,Customer_391,765344.58,0.67,512780.87,Low
CUST00392,Customer_392,529397.7,0.9,476457.93,High
CUST00393,Customer_393,169622.6,0.98,166230.15,High
CUST00394,Customer_394,771709.02,0.61,470742.5,Low
CUST00395,Customer_395,645650.64,0.88,568172.56,Medium
CUST00396,Customer_396,41616.26,0.86,35789.98,Medium
CUST00397,Customer_397,184085.96,0.98,180404.24,Medium
CUST00398,Customer_398,860464.67,0.33,283953.34,Medium
CUST00399,Customer_399,282232.85,0.21,59268.9,Low
CUST00400,Customer_400,882163.18,0.34,299935.48,Medium
CUST00401,Customer_401,147624.76,0.79,116623.56,High
CUST00402,Customer_402,413835.2,0.64,264854.53,Medium
CUST00403,Customer_403,499109.75,0.84,419252.19,Low
CUST00404,Customer_404,930349.66,0.97,902439.17,Low
CUST00405,Customer_405,667690.97,0.59,393937.67,Medium
CUST00406,Customer_406,379965.42,0.61,231778.91,Medium
CUST00407,Customer_407,658792.87,0.59,388687.79,Low
CUST00408,Customer_408,647093.94,0.36,232953.82,Medium
CUST00409,Customer_409,546118.79,0.49,267598.21,Medium
CUST00410,Customer_410,511511.82,0.29,148338.43,Low
CUST00411,Customer_411,594938.47,0.7,416456.93,High
CUST00412,Customer_412,28719.08,0.75,21539.31,Low
CUST00413,Customer_413,127956.19,0.96,122837.94,Medium
CUST00414,Customer_414,717008.43,0.93,666817.84,Medium
CUST00415,Customer_415,153467.1,0.22,33762.76,High
CUST00416,Customer_416,860724.01,0.59,507827.17,High
CUST00417,Customer_417,340906.6,0.77,262498.08,Medium
CUST00418,Customer_418,346955.02,0.34,117964.71,Low
CUST00419,Customer_419,620567.78,1.0,620567.78,Medium
CUST00420,Customer_420,892455.18,0.4,356982.07,Medium
CUST00421,Customer_421,508966.84,0.44,223945.41,Low
CUST00422,Customer_422,737286.9,0.34,250677.55,Low
CUST00423,Customer_423,236935.24,0.25,59233.81,Medium
CUST00424,Customer_424,680203.72,0.7,476142.6,High
CUST00425,Customer_425,55627.87,0.61,33933.0,Low
CUST00426,Customer_426,646309.53,0.84,542900.01,Medium
CUST00427,Customer_427,366355.37,0.41,150205.7,Medium
CUST00428,Customer_428,917982.12,0.4,367192.85,Medium
CUST00429,Customer_429,670202.77,0.73,489248.02,Low
CUST00430,Customer_430,326709.53,0.7,228696.67,Medium
CUST00431,Customer_431,819928.49,0.25,204982.12,Low
CUST00432,Customer_432,612568.55,0.91,557437.38,Low
CUST00433,Customer_433,302953.27,0.84,254480.75,High
CUST00434,Customer_434,580921.26,0.81,470546.22,Low
CUST00435,Customer_435,40306.89,0.35,14107.41,Medium
CUST00436,Customer_436,522984.55,0.98,512524.86,High
CUST00437,Customer_437,797159.6,0.33,263062.67,Low
CUST00438,Customer_438,881664.47,0.42,370299.08,Medium
CUST00439,Customer_439,793301.65,0.31,245923.51,Medium
CUST00440,Customer_440,409278.77,0.51,208732.17,Medium
CUST00441,Customer_441,773207.81,0.65,502585.08,Medium
CUST00442,Customer_442,97238.5,0.82,79735.57,High
CUST00443,Customer_443,731986.8,0.51,373313.27,High
CUST00444,Customer_444,958024.11,0.79,756839.05,Medium
CUST00445,Customer_445,400771.0,0.39,156300.69,Medium
CUST00446,Customer_446,697279.2,0.59,411394.73,Low
CUST00447,Customer_447,20398.39,0.29,5915.53,Medium
CUST00448,Customer_448,19066.36,0.44,8389.2,High
CUST00449,Customer_449,360137.16,0.52,187271.32,Low
CUST00450,Customer_450,491139.62,0.21,103139.32,Medium
CUST00451,Customer_451,859473.2,0.3,257841.96,Medium
CUST00452,Customer_452,377957.57,0.7,264570.3,Low
CUST00453,Customer_453,956729.23,0.74,707979.63,Low
CUST00454,Customer_454,383650.76,0.87,333776.16,Low
CUST00455,Customer_455,150653.91,0.9,135588.52,High
CUST00456,Customer_456,91117.75,0.77,70160.67,Low
CUST00457,Customer_457,613561.02,0.87,533798.09,High
CUST00458,Customer_458,268012.06,0.59,158127.12,Medium
CUST00459,Customer_459,794465.81,0.4,317786.32,Low
CUST00460,Customer_460,20052.45,0.68,13635.67,Medium
CUST00461,Customer_461,257306.68,0.92,236722.15,High
CUST00462,Customer_462,425125.09,0.28,119035.03,High
CUST00463,Customer_463,186192.19,0.8,148953.75,High
CUST00464,Customer_464,320435.43,0.55,176239.49,High
CUST00465,Customer_465,489721.12,0.36,176299.6,Low
CUST00466,Customer_466,393968.36,0.74,291536.59,Medium
CUST00467,Customer_467,335361.81,0.9,301825.63,High
CUST00468,Customer_468,845647.26,0.42,355171.85,Low
CUST00469,Customer_469,462839.0,0.37,171250.43,Medium
CUST00470,Customer_470,30737.05,0.29,8913.74,Low
CUST00471,Customer_471,732429.66,0.99,725105.36,High
CUST00472,Customer_472,257576.79,0.81,208637.2,High
CUST00473,Customer_473,242175.04,0.78,188896.53,Medium
CUST00474,Customer_474,25213.5,0.86,21683.61,Medium
CUST00475,Customer_475,812354.56,0.38,308694.73,Low
CUST00476,Customer_476,68630.11,0.26,17843.83,Medium
CUST00477,Customer_477,558790.6,0.27,150873.46,Low
CUST00478,Customer_478,910877.29,0.28,255045.64,Low
CUST00479,Customer_479,344518.17,0.85,292840.44,High
CUST00480,Customer_480,125471.29,0.36,45169.66,Low
CUST00481,Customer_481,217712.85,0.73,158930.38,Medium
CUST00482,Customer_482,789961.62,0.35,276486.57,Medium
CUST00483,Customer_483,256330.01,0.59,151234.71,High
CUST00484,Customer_484,344111.12,0.26,89468.89,Low
CUST00485,Customer_485,379064.46,0.47,178160.3,High
CUST00486,Customer_486,758391.21,0.48,364027.78,Low
CUST00487,Customer_487,25885.27,0.62,16048.87,Medium
CUST00488,Customer_488,357808.61,0.57,203950.91,Low
CUST00489,Customer_489,841771.23,0.92,774429.53,Medium
CUST00490,Customer_490,742384.67,0.47,348920.79,High
CUST00491,Customer_491,489710.99,0.22,107736.42,Low
CUST00492,Customer_492,578195.15,0.63,364262.94,High
CUST00493,Customer_493,862209.47,0.3,258662.84,Medium
CUST00494,Customer_494,390604.29,0.74,289047.17,Low
CUST00495,Customer_495,664279.63,0.69,458352.94,High
CUST00496,Customer_496,150518.85,0.25,37629.71,Medium
CUST00497,Customer_497,386359.2,0.53,204770.38,Medium
CUST00498,Customer_498,730690.54,0.64,467641.95,Low
CUST00499,Customer_499,174475.89,0.25,43618.97,High
CUST00500,Customer_500,128890.78,0.24,30933.79,Low
